bench id,algorithm,time,number of inter solutions,alg weights,expected weights,capacity,alg total weight,expected total weight,alg profit,expected profit,profit difference,percentage profit difference
1,CustomGARansack,0.0030210519999999933,0,"[1, 1, 0, 1, 1, 0, 0, 0, 0, 0]","[1, 1, 1, 1, 0, 1, 0, 0, 0, 0]",165,151,165,277,309,32,10.356
2,CustomGARansack,0.002030945999999994,0,"[1, 0, 1, 0, 0]","[0, 1, 1, 1, 0]",26,23,26,47,51,4,7.8431
3,CustomGARansack,0.0022917769999999974,0,"[1, 1, 0, 1, 0, 0]","[1, 1, 0, 0, 1, 0]",190,179,190,146,150,4,2.6667
4,CustomGARansack,0.0022114879999999967,0,"[1, 0, 0, 1, 0, 0, 0]","[1, 0, 0, 1, 0, 0, 0]",50,50,50,107,107,0,0.0
5,CustomGARansack,0.0018076459999999978,0,"[1, 0, 1, 1, 1, 0, 1, 1]","[1, 0, 1, 1, 1, 0, 1, 1]",104,104,104,900,900,0,0.0
6,CustomGARansack,0.0017550629999999936,0,"[0, 1, 0, 1, 0, 0, 1]","[0, 1, 0, 1, 0, 0, 1]",170,169,169,1735,1735,0,0.0
7,CustomGARansack,0.0025089729999999946,0,"[1, 1, 1, 0, 0, 1, 0, 0, 1, 0, 1, 1, 0, 0, 1]","[1, 0, 1, 0, 1, 0, 1, 1, 1, 0, 0, 0, 0, 1, 1]",750,748,749,1442,1458,16,1.0974
