bench id,algorithm,time,number of inter solutions,alg weights,alg total weight,alg profit
1,CustomGARansack,0.0030210519999999933,0,"[1, 1, 0, 1, 1, 0, 0, 0, 0, 0]",151,277
2,CustomGARansack,0.002030945999999994,0,"[1, 0, 1, 0, 0]",23,47
3,CustomGARansack,0.0022917769999999974,0,"[1, 1, 0, 1, 0, 0]",179,146
4,CustomGARansack,0.0022114879999999967,0,"[1, 0, 0, 1, 0, 0, 0]",50,107
5,CustomGARansack,0.0018076459999999978,0,"[1, 0, 1, 1, 1, 0, 1, 1]",104,900
6,CustomGARansack,0.0017550629999999936,0,"[0, 1, 0, 1, 0, 0, 1]",169,1735
7,CustomGARansack,0.0025089729999999946,0,"[1, 1, 1, 0, 0, 1, 0, 0, 1, 0, 1, 1, 0, 0, 1]",748,1442
