bench id,algorithm,time,number of inter solutions,alg weights,expected weights,capacity,alg total weight,expected total weight,alg profit,expected profit,profit difference,percentage profit difference
1,CustomGARansack,0.000500681,0,"[1, 1, 1, 1, 0, 1, 0, 0, 0, 0]","[1, 1, 1, 1, 0, 1, 0, 0, 0, 0]",165,165,165,309,309,0,0.0
2,CustomGARansack,0.00035683400000000015,0,"[1, 0, 1, 0, 0]","[0, 1, 1, 1, 0]",26,23,26,47,51,4,7.8431
3,CustomGARansack,0.0003782759999999998,0,"[1, 1, 0, 1, 0, 0]","[1, 1, 0, 0, 1, 0]",190,179,190,146,150,4,2.6667
4,CustomGARansack,0.000430526,0,"[1, 1, 0, 0, 1, 1, 0]","[1, 0, 0, 1, 0, 0, 0]",50,48,50,102,107,5,4.6729
5,CustomGARansack,0.000436595,0,"[1, 0, 1, 1, 1, 0, 1, 0]","[1, 0, 1, 1, 1, 0, 1, 1]",104,102,104,895,900,5,0.5556
6,CustomGARansack,0.0004275200000000002,0,"[0, 0, 1, 1, 0, 0, 1]","[0, 1, 0, 1, 0, 0, 1]",170,168,169,1721,1735,14,0.8069
7,CustomGARansack,0.0006940850000000011,0,"[1, 1, 1, 0, 0, 0, 1, 1, 1, 0, 0, 0, 0, 1, 1]","[1, 0, 1, 0, 1, 0, 1, 1, 1, 0, 0, 0, 0, 1, 1]",750,740,749,1441,1458,17,1.166
